generation,wall_seconds,cum_wall_seconds,sigma,evaluations,ticks_simulated,evals_per_sec,ticks_per_sec,fitness_best,fitness_mean,fitness_median,fitness_std,fitness_p25,fitness_p75,fitness_worst,gates_best,gates_mean,gates_median,laps_best,laps_mean,lap_completion_rate,best_lap_ticks,best_lap_seconds,collisions_mean,term_crash,term_stall,term_timeout,term_finished,champion_fitness,champion_sha1
0,2.381,2.381,0.15,200,39944,83.99,16774,99.9801,-3.6624,-10.0,25.2846,-10.0,-5.0,-25.0,2,0.55,1,0,0.0,0.0,,,2.065,10,190,0,0,99.9801,aaa6004defb11e5b4383e00e7e222e970b548910
1,1.961,4.342,0.148489,200,51154,102.01,26091,99.9801,16.8407,-5.0,44.6696,-15.0,78.3422,-25.0,2,0.59,1,0,0.0,0.0,,,2.2,26,174,0,0,99.9801,
2,1.827,6.169,0.146993,200,54422,109.45,29781,99.9801,29.8324,-10.0,51.0386,-15.0,83.3245,-25.0,4,0.71,1,0,0.0,0.0,,,2.555,16,184,0,0,99.9801,
3,2.138,8.308,0.145512,200,56388,93.53,26370,281.2709,40.2582,78.3156,59.1085,-15.0,87.9343,-25.0,3,0.64,1,0,0.0,0.0,,,2.73,24,176,0,0,281.2709,d32dde40b18f882e8034e6819a1e1237fc233e3f
4,2.054,10.362,0.144046,200,56381,97.35,27444,281.2709,38.4951,-5.0,60.6337,-15.0,88.1172,-25.0,3,0.67,1,0,0.0,0.0,,,2.6,18,182,0,0,281.2709,
5,2.173,12.535,0.142595,200,61651,92.05,28375,686.359,45.7868,-10.0,97.8364,-15.0,83.3245,-25.0,7,0.78,1,0,0.0,0.0,,,2.735,18,182,0,0,686.359,da9f5ee121075f795692557f5c9630577c49780f
6,3.181,15.716,0.141159,200,84210,62.87,26472,1167.6437,109.3664,82.7716,190.3303,-10.0,98.8344,-25.0,8,1.56,1,1,0.02,0.02,2262,45.24,2.495,23,174,0,3,1167.6437,21bad6888a42513293000b41a179ec9d086f739d
7,5.199,20.915,0.139737,200,123035,38.47,23664,1167.6437,190.5305,98.1172,274.0548,77.6998,194.3403,-20.0,8,2.29,1,1,0.06,0.06,2262,45.24,2.305,22,165,2,11,1167.6437,
8,6.633,27.549,0.138329,200,159395,30.15,24029,1167.6437,247.3421,99.529,337.1009,79.3403,194.99,-20.0,8,2.59,2,1,0.12,0.12,1946,38.92,1.91,14,158,6,22,1167.6437,
9,7.079,34.628,0.136935,200,164728,28.25,23269,1202.2281,264.6126,99.1528,373.9187,78.2216,194.5372,-25.0,8,2.6,2,1,0.14,0.14,2050,41.0,1.65,9,157,7,27,1202.2281,dce2d25060fe27e3cba4bcf1e758677ae2cb9f9b
10,5.47,40.098,0.135556,200,129292,36.56,23637,1202.2281,214.4567,94.529,324.1191,0.0,194.99,-25.0,8,2.28,2,1,0.09,0.09,1922,38.44,1.78,10,167,6,17,1202.2281,
11,6.412,46.51,0.13419,200,155748,31.19,24289,1202.2281,257.1106,97.1701,370.9816,0.0,194.99,-25.0,8,2.5,2,1,0.12,0.12,2114,42.28,1.825,13,155,8,24,1202.2281,
12,6.629,53.139,0.132838,200,155023,30.17,23385,1237.5799,267.2466,97.3764,381.084,78.1969,198.8402,-25.0,8,2.71,2,1,0.13,0.13,1906,38.12,2.0,18,150,6,26,1237.5799,b1f87b079323829b57f39c6fa31b8e46d84e9cf2
13,5.547,58.687,0.1315,200,129120,36.05,23277,1237.5799,220.1493,93.8344,373.4968,-5.0,189.99,-25.0,8,2.31,1,1,0.14,0.14,1803,36.06,2.075,13,161,0,26,1237.5799,
14,5.981,64.668,0.130175,200,132068,33.44,22081,1237.5799,218.3787,93.5613,360.2635,-5.0,189.5372,-20.0,8,2.32,1,1,0.14,0.14,1906,38.12,2.075,13,160,2,25,1237.5799,
15,6.285,70.953,0.128864,200,152897,31.82,24327,1237.5799,283.8158,94.1528,417.6152,0.0,198.9936,-20.0,8,2.68,2,1,0.18,0.18,1906,38.12,1.9,9,154,2,35,1237.5799,
16,9.006,79.959,0.127566,200,165207,22.21,18344,1237.5799,323.5631,99.1528,417.4601,82.9343,281.0484,-15.0,8,2.93,2,1,0.19,0.19,1906,38.12,2.18,22,139,2,37,1237.5799,
17,7.506,87.465,0.126281,200,162616,26.65,21665,1250.1402,297.3075,99.1528,410.6058,-5.0,290.9904,-25.0,8,3.17,2,1,0.19,0.19,1773,35.46,2.165,21,141,4,34,1250.1402,e44bdfb76f40890ccb555714e4b65f4f43ab4b98
18,7.443,94.907,0.125009,200,160075,26.87,21508,1250.1402,316.5863,178.8462,425.7239,82.495,281.2292,-20.0,8,3.01,2,1,0.18,0.18,1773,35.46,2.0,17,146,2,35,1250.1402,
19,7.501,102.408,0.123749,200,177176,26.66,23620,1250.1402,371.6185,184.5372,444.7521,88.3245,605.4905,-20.0,8,3.49,2,1,0.23,0.23,1773,35.46,1.895,11,142,4,43,1250.1402,
20,7.644,110.052,0.122503,200,181280,26.16,23715,1253.5188,357.851,180.3879,423.0577,87.9343,681.1146,-25.0,8,3.56,2,1,0.19,0.19,1773,35.46,2.2,29,128,7,36,1253.5188,99115a65f73d59a60aed03818175cd34a8d214ad
21,8.1,118.153,0.121269,200,197326,24.69,24361,1254.6574,436.0558,195.5432,467.6997,93.1172,702.9167,-25.0,8,3.97,3,1,0.29,0.29,1708,34.16,1.81,17,127,2,54,1254.6574,a10a58de4693a24807fc83deae465af9c3f99158
22,7.604,125.756,0.120047,200,178755,26.3,23509,1254.6574,398.8349,194.7529,419.9612,93.8344,606.2344,-20.0,8,3.95,3,1,0.22,0.22,1708,34.16,2.2,30,127,4,39,1254.6574,
23,7.48,133.236,0.118838,200,184434,26.74,24657,1254.6574,432.7599,195.5432,449.381,93.5613,692.137,-25.0,8,4.14,3,1,0.24,0.24,1708,34.16,2.275,25,129,2,44,1254.6574,
24,6.24,139.477,0.11764,200,158581,32.05,25412,1284.4683,357.4006,184.3403,408.0143,93.8344,297.485,-20.0,8,3.78,2,1,0.24,0.24,1625,32.5,2.66,47,114,0,39,1284.4683,997499946fd23062582c6cf0feb39892207dc998
25,6.902,146.379,0.116455,200,165444,28.98,23971,1284.4683,347.7457,180.6433,411.6952,93.8344,681.3086,-20.0,8,4.12,3,1,0.28,0.28,1625,32.5,2.465,35,123,0,42,1284.4683,
26,8.342,154.721,0.115282,200,194952,23.97,23370,1284.4683,426.6518,185.2521,463.4345,92.6261,696.9944,-25.0,8,4.43,3,1,0.31,0.31,1625,32.5,2.225,29,115,4,52,1284.4683,
27,6.201,160.922,0.114121,200,150827,32.25,24323,1284.4683,328.2401,180.8685,377.5306,82.9343,682.1312,-25.0,8,3.85,2,1,0.25,0.25,1625,32.5,2.835,51,115,0,34,1284.4683,
28,7.653,168.575,0.112971,200,177874,26.13,23243,1284.8092,433.1278,189.1597,453.3746,93.8344,683.2083,-25.0,8,4.31,3,1,0.27,0.27,1622,32.44,2.725,40,113,0,47,1284.8092,c9d419fe63375009d6a0d398f066e53bd911ca74
29,7.131,175.706,0.111833,200,175800,28.05,24653,1284.8092,442.4833,184.7529,472.9374,93.8344,702.9473,-25.0,8,4.29,2,1,0.32,0.32,1622,32.44,2.7,43,103,0,54,1284.8092,
30,6.178,181.883,0.110706,200,152097,32.37,24620,1284.8092,349.8978,181.25,423.3233,93.8344,682.7297,-25.0,8,3.88,2,1,0.26,0.26,1622,32.44,2.76,36,124,0,40,1284.8092,
31,7.426,189.309,0.109591,200,173532,26.93,23368,1284.8092,466.8027,185.8685,490.6685,98.8344,697.9473,-25.0,8,4.22,2,1,0.34,0.34,1622,32.44,2.775,44,98,0,58,1284.8092,
32,7.153,196.463,0.108487,200,178209,27.96,24912,1284.9796,473.5249,185.8685,483.174,93.8344,702.9473,-25.0,8,4.51,3,1,0.35,0.35,1622,32.44,2.83,47,95,0,58,1284.9796,5a05775bed617e2a5ecb58c4affc0463ae4fe05c
33,6.959,203.421,0.107394,200,169698,28.74,24387,1284.9796,437.2944,181.3776,465.7779,80.2521,692.9473,-25.0,8,4.31,2,1,0.34,0.34,1622,32.44,3.0,61,86,0,53,1284.9796,
34,7.473,210.894,0.106312,200,179451,26.76,24013,1284.9796,495.8324,185.8685,499.7578,93.8344,1237.7505,-25.0,8,4.65,4,1,0.36,0.36,1622,32.44,2.905,55,83,0,62,1284.9796,
35,7.53,218.424,0.105241,200,185934,26.56,24693,1284.9796,525.1332,200.5432,492.1861,178.7994,1231.1431,-25.0,8,4.65,4,1,0.36,0.36,1622,32.44,2.995,61,76,0,63,1284.9796,
36,7.052,225.476,0.104181,200,179059,28.36,25392,1284.9796,464.2396,185.8685,455.4797,98.8344,697.9473,-15.0,8,4.54,3,1,0.37,0.37,1622,32.44,3.005,56,88,0,56,1284.9796,
37,6.972,232.448,0.103132,200,175414,28.68,25159,1284.9796,466.5096,185.8685,498.3701,93.8344,702.9473,-25.0,8,4.52,4,1,0.36,0.36,1622,32.44,2.655,39,101,0,60,1284.9796,
38,7.248,239.696,0.102093,200,176620,27.6,24370,1284.9796,471.8744,184.5372,488.8285,98.5613,702.9473,-20.0,8,4.6,2,1,0.38,0.38,1622,32.44,2.67,46,93,0,61,1284.9796,
39,8.35,248.046,0.101064,200,201328,23.95,24111,1284.9796,571.09,681.2724,491.4401,179.7529,1229.4466,-25.0,8,5.13,7,1,0.45,0.45,1619,32.38,3.0,64,63,0,73,1284.9796,
40,6.549,254.595,0.100046,200,167960,30.54,25647,1284.9796,449.342,185.5432,464.1038,93.8344,697.9473,-25.0,8,4.34,2,1,0.33,0.33,1621,32.42,2.885,53,95,0,52,1284.9796,
41,7.805,262.4,0.099038,200,198443,25.62,25424,1285.6614,558.7111,200.8685,508.155,179.529,1250.7471,-15.0,8,5.02,7,1,0.43,0.43,1616,32.32,3.01,56,71,0,73,1285.6614,405ab41fccc56664363ecabe68b44a1d8c06f8f2
42,8.449,270.849,0.09804,200,197538,23.67,23379,1285.6614,546.9008,292.1293,481.559,179.7438,1231.3937,-15.0,8,5.26,7,1,0.4,0.4,1616,32.32,2.795,45,89,0,66,1285.6614,
43,6.94,277.789,0.097053,200,175154,28.82,25239,1285.6614,489.9512,185.8685,494.4886,180.618,702.9473,-25.0,8,4.46,2,1,0.37,0.37,1616,32.32,2.845,40,98,0,62,1285.6614,
44,6.801,284.59,0.096075,200,172452,29.41,25356,1285.6614,443.0507,185.8685,475.6806,98.5613,692.2856,-20.0,8,4.69,5,1,0.33,0.33,1616,32.32,2.775,46,100,0,54,1285.6614,
45,6.878,291.468,0.095107,200,172784,29.08,25122,1285.6614,445.1108,185.8685,464.5869,179.7529,683.4054,-25.0,8,4.5,3,1,0.3,0.3,1616,32.32,3.12,51,98,0,51,1285.6614,
46,7.564,299.031,0.094149,200,187343,26.44,24769,1285.6614,496.8386,190.8685,483.7545,98.8344,703.132,-20.0,8,4.87,7,1,0.39,0.39,1616,32.32,2.88,43,94,0,63,1285.6614,
47,7.939,306.971,0.093201,200,198657,25.19,25022,1286.6843,568.3027,681.82,483.5068,180.0302,1209.6203,-25.0,8,5.06,7,1,0.43,0.43,1616,32.32,2.8,51,79,0,70,1286.6843,797a802c494e67fb2c7e038fa74cb354a9c956a1
48,7.537,314.508,0.092262,200,186295,26.54,24717,1286.6843,515.7622,194.99,476.4292,180.2966,703.132,-15.0,8,4.73,5,1,0.35,0.35,1616,32.32,3.135,61,79,0,60,1286.6843,
49,6.966,321.473,0.091332,200,174716,28.71,25083,1286.6843,437.2348,184.5372,466.5784,98.8344,691.7256,-25.0,8,4.74,6,1,0.32,0.32,1616,32.32,3.04,63,85,0,52,1286.6843,
50,5.933,327.406,0.090412,200,147494,33.71,24861,1286.6843,347.2499,184.5372,411.1464,98.8344,286.5104,-25.0,8,4.03,2,1,0.2,0.2,1616,32.32,3.08,58,108,0,34,1286.6843,
51,6.816,334.222,0.089501,200,165925,29.34,24343,1286.6843,445.2724,185.8685,457.5331,179.8356,687.2856,-20.0,8,4.31,2,1,0.29,0.29,1616,32.32,2.995,55,96,0,49,1286.6843,
52,7.172,341.395,0.0886,200,178246,27.88,24852,1289.0716,492.1976,189.5372,477.2776,179.8544,702.9473,-25.0,8,4.8,7,1,0.33,0.33,1601,32.02,3.01,64,80,0,56,1289.0716,deb9b9de397fdd0d17e0cda113e771b1410fe061
53,7.265,348.659,0.087707,200,173436,27.53,23874,1289.0716,473.7663,185.8685,470.9519,180.0916,702.9473,-25.0,8,4.45,3,1,0.32,0.32,1601,32.02,2.895,54,92,0,54,1289.0716,
54,5.894,354.553,0.086824,200,149139,33.93,25303,1289.0716,397.3637,181.6138,464.8362,93.8344,682.8829,-25.0,8,3.88,2,1,0.24,0.24,1601,32.02,2.92,50,106,0,44,1289.0716,
55,5.912,360.466,0.085949,200,146021,33.83,24698,1289.0716,363.3313,181.4767,435.9615,87.9343,303.3149,-25.0,8,3.79,2,1,0.21,0.21,1601,32.02,2.875,47,116,0,37,1289.0716,
56,6.086,366.552,0.085083,200,153089,32.86,25153,1289.0716,384.3412,181.4267,442.1606,99.1528,483.0334,-20.0,8,4.0,2,1,0.24,0.24,1601,32.02,3.08,54,104,0,42,1289.0716,
57,6.53,373.082,0.084226,200,163823,30.63,25089,1289.0716,438.3332,184.5372,489.2807,98.8344,691.9944,-25.0,8,4.23,3,1,0.29,0.29,1601,32.02,2.735,43,105,0,52,1289.0716,
58,5.423,378.504,0.083377,200,134295,36.88,24766,1289.0716,321.1538,181.2972,407.3842,94.1528,201.6489,-25.0,8,3.49,2,1,0.19,0.19,1601,32.02,2.97,55,112,0,33,1289.0716,
59,6.074,384.578,0.082537,200,150708,32.93,24812,1289.0716,343.7415,184.5372,391.8848,94.529,599.0799,-25.0,8,4.07,2,1,0.2,0.2,1601,32.02,3.04,52,117,0,31,1289.0716,
60,6.078,390.657,0.081706,200,147404,32.9,24251,1289.0716,353.419,184.5372,419.9502,93.8344,493.3222,-25.0,8,3.94,2,1,0.21,0.21,1601,32.02,2.775,41,124,0,35,1289.0716,
61,5.634,396.29,0.080883,200,141692,35.5,25152,1289.0716,344.8675,184.5372,422.0375,83.8344,291.5104,-25.0,8,3.63,2,1,0.19,0.19,1601,32.02,2.76,42,124,0,34,1289.0716,
62,5.894,402.184,0.080068,200,148270,33.93,25156,1289.0716,338.3224,184.7529,390.0461,93.8344,484.9522,-20.0,8,4.23,3,1,0.18,0.18,1601,32.02,2.96,53,118,0,29,1289.0716,
63,4.86,407.044,0.079261,200,125255,41.16,25775,1289.0716,270.8913,181.0976,351.5561,92.9343,196.6489,-25.0,8,3.41,2,1,0.12,0.12,1601,32.02,3.02,57,122,0,21,1289.0716,
64,6.025,413.069,0.078463,200,149744,33.2,24854,1289.0716,355.6225,189.3403,399.5089,98.8344,391.8871,-25.0,8,3.99,3,1,0.19,0.19,1601,32.02,2.785,44,124,0,32,1289.0716,
65,5.801,418.87,0.077672,200,145670,34.47,25110,1289.0716,359.088,184.5372,420.472,99.1528,285.7604,-25.0,8,3.93,2,1,0.24,0.24,1601,32.02,2.77,49,112,0,39,1289.0716,
66,6.698,425.568,0.07689,200,155596,29.86,23231,1289.0716,383.8042,185.8685,415.0731,98.8344,682.485,-20.0,8,4.18,3,1,0.21,0.21,1601,32.02,2.855,48,118,0,34,1289.0716,
67,7.164,432.732,0.076115,200,149442,27.92,20860,1289.0716,377.4944,184.5372,422.325,98.8344,682.2795,-25.0,8,3.86,2,1,0.23,0.23,1601,32.02,2.775,46,116,0,38,1289.0716,
68,5.69,438.422,0.075349,200,129013,35.15,22673,1289.0716,291.7231,180.3079,393.6448,80.144,194.7529,-25.0,8,3.23,2,1,0.14,0.14,1601,32.02,2.97,49,125,0,26,1289.0716,
69,6.551,444.973,0.07459,200,150564,30.53,22984,1289.0716,346.2578,183.6982,402.7682,94.529,483.2672,-25.0,8,3.74,2,1,0.21,0.21,1601,32.02,2.935,51,113,2,34,1289.0716,
70,7.577,452.55,0.073838,200,159393,26.4,21037,1289.0716,385.92,184.5372,433.2049,179.4248,682.6419,-25.0,8,4.07,2,1,0.26,0.26,1601,32.02,2.925,47,110,0,43,1289.0716,
71,6.976,459.526,0.073094,200,163460,28.67,23431,1289.0716,452.9645,189.5372,467.4513,179.7985,687.2856,-25.0,8,4.32,3,1,0.26,0.26,1601,32.02,2.615,43,110,0,47,1289.0716,
72,6.611,466.137,0.072358,200,145290,30.25,21978,1289.0716,351.5604,184.5372,418.2353,82.9343,488.9158,-25.0,8,3.72,2,1,0.17,0.17,1601,32.02,3.0,48,121,0,31,1289.0716,
73,5.771,471.908,0.071629,200,140606,34.65,24362,1289.0716,351.9984,184.5372,440.3796,92.495,201.6489,-20.0,8,3.37,2,1,0.21,0.21,1600,32.0,2.715,37,125,0,38,1289.0716,
74,6.427,478.335,0.070907,200,141129,31.12,21960,1289.0716,327.0132,184.7529,372.3125,179.8263,201.6489,-15.0,8,3.7,2,1,0.15,0.15,1601,32.02,2.83,40,134,0,26,1289.0716,
75,5.744,484.078,0.070193,200,127807,34.82,22252,1289.0716,304.2327,179.8263,418.8581,78.4247,200.8685,-25.0,8,3.3,2,1,0.15,0.15,1597,31.94,2.69,43,128,0,29,1289.0716,
76,6.51,490.589,0.069486,200,156222,30.72,23996,1289.0716,420.6744,184.5372,478.8453,100.531,683.3973,-25.0,8,3.92,2,1,0.27,0.27,1597,31.94,2.62,34,117,0,49,1289.0716,
77,6.091,496.679,0.068786,200,130619,32.84,21445,1289.0716,303.3656,184.5372,345.4014,94.529,281.3025,-15.0,8,3.41,2,1,0.13,0.13,1597,31.94,2.935,35,144,0,21,1289.0716,
78,6.24,502.919,0.068093,200,146448,32.05,23469,1289.0716,361.6691,184.5372,412.7638,178.864,493.3222,-25.0,8,3.86,2,1,0.18,0.18,1597,31.94,2.835,44,124,0,32,1289.0716,
79,6.217,509.137,0.067407,200,153769,32.17,24732,1289.0716,373.1248,184.5372,410.1446,179.771,382.1124,-25.0,8,3.95,2,1,0.2,0.2,1597,31.94,2.91,43,122,0,35,1289.0716,
80,5.559,514.695,0.066728,200,139564,35.98,25107,1289.0716,315.3158,184.5372,354.5316,179.3706,280.4905,-20.0,8,3.74,2,1,0.16,0.16,1597,31.94,2.985,45,130,0,25,1289.0716,
81,6.629,521.324,0.066056,200,135860,30.17,20495,1289.0716,299.7158,181.2972,373.289,94.529,201.6489,-20.0,8,3.83,2,1,0.16,0.16,1597,31.94,2.83,43,131,0,26,1289.0716,
82,7.383,528.707,0.06539,200,166325,27.09,22528,1289.0716,428.0775,184.5372,464.3731,94.529,697.9473,-25.0,8,4.18,2,1,0.26,0.26,1597,31.94,2.765,40,114,0,46,1289.0716,
83,6.891,535.598,0.064732,200,166375,29.02,24144,1289.0716,444.6085,184.7529,479.7264,179.6904,681.7101,-15.0,8,4.29,2,1,0.29,0.29,1597,31.94,2.475,42,106,0,52,1289.0716,
84,5.874,541.472,0.064079,200,142641,34.05,24283,1289.0716,335.0466,184.5372,394.0833,178.9185,195.8685,-25.0,8,3.49,2,1,0.2,0.2,1597,31.94,3.115,52,115,0,33,1289.0716,
85,6.435,547.907,0.063434,200,152408,31.08,23684,1289.0716,377.0711,184.5372,432.8922,99.529,482.2506,-25.0,8,3.94,2,1,0.24,0.24,1597,31.94,2.79,43,117,0,40,1289.0716,
86,7.096,555.003,0.062795,200,156131,28.18,22003,1289.0716,407.8968,186.2344,434.5903,179.817,681.5445,-25.0,8,4.01,2,1,0.22,0.22,1597,31.94,2.7,40,121,0,39,1289.0716,
87,6.583,561.587,0.062162,200,147186,30.38,22357,1289.0716,364.9508,184.5372,408.2922,178.9746,483.2781,-15.0,8,3.71,2,1,0.2,0.2,1597,31.94,2.78,48,118,0,34,1289.0716,
88,6.237,567.824,0.061536,200,148333,32.07,23782,1289.0716,356.2349,184.5372,400.6723,179.8356,281.6845,-25.0,8,3.81,2,1,0.21,0.21,1597,31.94,3.06,57,108,0,35,1289.0716,
89,7.52,575.345,0.060916,200,174714,26.59,23232,1289.7539,448.3931,189.5372,447.0093,179.845,691.8574,-20.0,8,4.61,3,1,0.28,0.28,1596,31.92,2.53,29,124,0,47,1289.7539,c43ce9c34181d6ee022e21055fd91221cd96a928
90,7.22,582.564,0.060302,200,168836,27.7,23386,1289.7539,436.8473,184.5372,454.6852,179.717,683.2781,-25.0,8,4.43,3,1,0.28,0.28,1596,31.92,2.915,53,100,0,47,1289.7539,
91,6.925,589.489,0.059695,200,128151,28.88,18504,1289.7539,274.0169,180.3996,374.0212,98.8344,189.7529,-25.0,8,3.3,2,1,0.17,0.17,1596,31.92,2.67,37,135,0,28,1289.7539,
92,7.231,596.72,0.059094,200,160330,27.66,22174,1289.7539,408.0604,184.5372,436.5418,179.4883,680.9973,-20.0,8,4.26,2,1,0.24,0.24,1596,31.92,2.89,60,99,0,41,1289.7539,
93,6.32,603.04,0.058498,200,150916,31.65,23881,1289.7539,382.7931,184.5372,428.8932,179.3554,587.6844,-25.0,8,3.74,2,1,0.22,0.22,1596,31.92,2.88,46,116,0,38,1289.7539,
94,5.892,608.932,0.057909,200,142409,33.94,24169,1289.7539,327.9572,184.5372,411.0692,93.8344,200.8685,-20.0,8,3.69,2,1,0.19,0.19,1596,31.92,2.79,40,127,0,33,1289.7539,
95,6.735,615.666,0.057326,200,156863,29.7,23292,1289.7539,403.5887,184.5372,447.8715,178.9246,498.9158,-15.0,8,4.03,2,1,0.23,0.23,1596,31.92,2.83,44,114,0,42,1289.7539,
96,5.708,621.375,0.056748,200,145403,35.04,25472,1290.0951,333.7156,184.5372,394.5358,99.1528,290.7604,-25.0,8,3.83,2,1,0.18,0.18,1592,31.84,2.805,49,121,0,30,1290.0951,b355f449ae37d85b00acbeeafaae88dc6dff4320
97,5.932,627.307,0.056176,200,152352,33.72,25683,1290.0951,363.2292,184.5372,417.2128,99.1528,505.8507,-25.0,8,4.01,2,1,0.26,0.26,1592,31.84,2.74,41,119,0,40,1290.0951,
98,6.047,633.354,0.05561,200,149728,33.07,24761,1290.0951,362.2517,184.5372,414.6877,94.529,487.3443,-25.0,8,3.94,2,1,0.24,0.24,1592,31.84,2.81,42,120,0,38,1290.0951,
99,5.29,638.643,0.05505,200,137664,37.81,26026,1290.0951,323.2531,184.3403,390.8872,98.8344,201.6489,-25.0,8,3.46,2,1,0.18,0.18,1592,31.84,2.855,45,125,0,30,1290.0951,
100,6.195,644.838,0.054496,200,154854,32.29,24998,1290.0951,400.2542,184.5372,458.6547,99.1528,599.3633,-25.0,8,3.98,2,1,0.25,0.25,1592,31.84,2.69,42,113,0,45,1290.0951,
101,7.399,652.237,0.053947,200,155333,27.03,20994,1290.0951,409.0586,184.5372,457.9699,99.1528,583.8339,-25.0,8,3.91,2,1,0.24,0.24,1592,31.84,2.825,47,109,0,44,1290.0951,
102,8.293,660.53,0.053403,200,162512,24.12,19596,1290.0951,410.7883,184.5372,440.2408,179.6992,681.3636,-25.0,8,4.19,2,1,0.28,0.28,1592,31.84,2.765,45,109,0,46,1290.0951,
103,6.599,667.129,0.052865,200,143719,30.31,21778,1290.0951,341.2272,184.5372,425.2662,99.529,196.6489,-25.0,8,3.76,2,1,0.19,0.19,1592,31.84,2.815,43,122,0,35,1290.0951,
104,6.532,673.661,0.052333,200,139428,30.62,21345,1290.0951,301.5088,184.5372,368.6128,99.529,190.8685,-20.0,8,3.67,2,1,0.17,0.17,1592,31.84,3.12,46,126,0,28,1290.0951,
105,7.595,681.256,0.051805,200,152795,26.33,20119,1290.0951,366.5812,184.5372,440.2299,94.529,302.8782,-25.0,8,3.99,2,1,0.28,0.28,1584,31.68,2.6,36,119,0,45,1290.0951,
106,7.282,688.538,0.051284,200,155465,27.47,21350,1290.0951,362.9818,184.5372,393.9359,178.8226,500.3993,-25.0,8,4.21,2,1,0.28,0.28,1592,31.84,2.84,53,107,0,40,1290.0951,
107,6.947,695.485,0.050767,200,165376,28.79,23804,1290.0951,414.5805,184.5372,440.3249,179.2882,681.5592,-15.0,8,4.2,2,1,0.25,0.25,1592,31.84,2.955,54,103,0,43,1290.0951,
108,5.724,701.209,0.050256,200,134088,34.94,23427,1290.0951,301.3063,181.5963,389.8004,98.8344,189.5372,-25.0,8,3.32,2,1,0.17,0.17,1592,31.84,2.975,46,125,0,29,1290.0951,
109,6.319,707.528,0.049749,200,153176,31.65,24240,1290.0951,397.9425,184.99,445.1465,179.3403,681.5889,-25.0,8,3.91,2,1,0.23,0.23,1592,31.84,2.87,45,114,0,41,1290.0951,
110,6.276,713.804,0.049248,200,152251,31.87,24261,1290.0951,364.8565,184.3403,437.9101,88.5613,582.9957,-25.0,8,3.84,2,1,0.26,0.26,1592,31.84,2.835,38,120,0,42,1290.0951,
111,7.029,720.833,0.048752,200,159535,28.45,22696,1290.0951,398.0269,184.5372,446.1538,99.529,681.1061,-20.0,8,4.1,2,1,0.26,0.26,1592,31.84,2.88,44,112,0,44,1290.0951,
112,6.739,727.572,0.048261,200,161102,29.68,23907,1290.0951,407.02,184.5372,443.8593,99.529,681.022,-25.0,8,4.23,2,1,0.27,0.27,1592,31.84,2.86,48,107,0,45,1290.0951,
113,7.051,734.622,0.047775,200,165935,28.37,23534,1290.0951,419.4349,184.5372,437.5517,179.6992,682.3406,-25.0,8,4.27,2,1,0.24,0.24,1589,31.78,2.95,46,113,0,41,1290.0951,
114,6.5,741.122,0.047293,200,148856,30.77,22902,1290.0951,344.4214,184.5372,374.6379,179.3178,483.1274,-20.0,8,3.96,2,1,0.16,0.16,1592,31.84,2.94,48,126,0,26,1290.0951,
115,6.414,747.536,0.046817,200,137932,31.18,21505,1290.0951,308.7252,180.9809,367.5523,95.531,195.2521,-25.0,8,3.48,2,1,0.14,0.14,1592,31.84,3.165,57,119,0,24,1290.0951,
116,6.712,754.248,0.046345,200,153660,29.8,22892,1290.0951,361.3043,184.5372,422.87,99.1528,281.9188,-25.0,8,3.99,2,1,0.2,0.2,1592,31.84,3.05,48,117,0,35,1290.0951,
117,6.458,760.706,0.045878,200,155366,30.97,24059,1290.2657,377.2999,184.5372,431.1352,179.6041,498.3222,-25.0,8,3.9,2,1,0.23,0.23,1592,31.84,2.8,39,122,0,39,1290.2657,1d71d4627e55ea1378407da554f21517716f289c
118,6.463,767.169,0.045416,200,150667,30.94,23311,1290.2657,372.269,184.5372,427.4535,179.3029,201.2344,-15.0,8,3.82,2,1,0.23,0.23,1591,31.82,2.885,50,111,0,39,1290.2657,
119,6.028,773.197,0.044959,200,146200,33.18,24254,1290.2657,335.2702,183.6982,408.1871,99.529,189.7529,-25.0,8,3.92,2,1,0.17,0.17,1591,31.82,3.14,58,111,0,31,1290.2657,
120,6.006,779.203,0.044506,200,136175,33.3,22674,1290.2657,312.424,184.5372,352.1666,179.771,195.5432,-25.0,8,3.33,2,1,0.14,0.14,1591,31.82,3.265,52,125,0,23,1290.2657,
121,5.872,785.075,0.044057,200,144866,34.06,24672,1290.2657,355.4302,184.5372,394.7041,178.9062,592.6844,-25.0,8,3.51,2,1,0.18,0.18,1591,31.82,2.965,44,126,0,30,1290.2657,
122,6.376,791.451,0.043614,200,148307,31.37,23260,1290.2657,371.8206,184.5372,415.9176,179.7893,482.7351,-25.0,8,3.77,2,1,0.21,0.21,1591,31.82,2.85,44,120,0,36,1290.2657,
123,5.966,797.417,0.043174,200,141983,33.52,23797,1290.2657,357.4679,184.7529,401.4755,179.771,281.5559,-10.0,8,3.56,2,1,0.16,0.16,1591,31.82,2.655,33,137,0,30,1290.2657,
124,6.971,804.388,0.042739,200,153385,28.69,22005,1290.2657,370.6763,184.7529,383.1307,179.8924,483.0645,-25.0,8,3.98,2,1,0.22,0.22,1591,31.82,3.17,53,113,0,34,1290.2657,
125,7.961,812.349,0.042309,200,164771,25.12,20697,1290.2657,452.9275,184.5372,461.5639,179.845,695.282,-20.0,8,4.02,2,1,0.28,0.28,1591,31.82,2.61,38,113,0,49,1290.2657,
126,7.73,820.079,0.041882,200,172164,25.87,22271,1290.4363,441.1233,185.8685,426.9484,179.9603,683.3333,-25.0,8,4.51,3,1,0.24,0.24,1580,31.6,2.945,45,115,0,40,1290.4363,58dd2bf88a15cd5eaf0a9010e80dab3e12437460
127,6.97,827.049,0.041461,200,157232,28.69,22557,1290.4363,359.4068,184.5372,405.5879,98.8344,583.2147,-20.0,8,4.11,2,1,0.24,0.24,1591,31.82,3.03,53,110,0,37,1290.4363,
128,7.828,834.877,0.041043,200,182268,25.55,23284,1290.4363,480.0292,184.5372,477.4223,179.6816,697.2856,-25.0,8,4.73,6,1,0.3,0.3,1585,31.7,3.0,56,91,0,53,1290.4363,
129,7.085,841.962,0.040629,200,154836,28.23,21856,1290.4363,365.6428,184.5372,439.8964,99.9801,282.8616,-25.0,8,4.07,2,1,0.27,0.27,1591,31.82,2.84,40,116,0,44,1290.4363,
130,7.525,849.487,0.04022,200,155344,26.58,20643,1290.4363,362.9207,184.5372,387.9017,179.8544,482.7736,-25.0,8,3.96,2,1,0.23,0.23,1591,31.82,3.055,50,115,0,35,1290.4363,
131,6.903,856.39,0.039815,200,159971,28.97,23175,1290.4363,406.0314,184.5372,426.9857,179.8077,681.4291,-25.0,8,4.0,2,1,0.24,0.24,1581,31.62,2.99,50,110,0,40,1290.4363,
132,6.339,862.729,0.039414,200,150100,31.55,23679,1290.4363,373.3186,184.5372,409.6409,179.771,583.1967,-25.0,8,3.89,2,1,0.21,0.21,1579,31.58,2.91,50,115,0,35,1290.4363,
133,7.283,870.012,0.039017,200,161504,27.46,22174,1290.7775,429.0125,184.5372,445.3911,179.0,683.5034,-20.0,8,3.98,2,1,0.27,0.27,1592,31.84,2.84,46,109,0,45,1290.7775,f780ef7b63bdbad274328b369b1ee95a606b9b53
134,7.252,877.264,0.038624,200,171105,27.58,23594,1290.7775,439.9998,184.5372,469.4245,179.771,683.2006,-25.0,8,4.48,2,1,0.33,0.33,1592,31.84,2.68,41,105,0,54,1290.7775,
135,6.432,883.696,0.038235,200,158597,31.09,24657,1290.7775,384.9816,184.5372,424.3804,100.531,681.6845,-15.0,8,4.07,2,1,0.21,0.21,1592,31.84,2.975,47,117,0,36,1290.7775,
136,7.12,890.816,0.037849,200,170294,28.09,23917,1290.7775,405.1448,184.7529,419.4132,179.1254,682.2076,-25.0,8,4.55,3,1,0.29,0.29,1591,31.82,2.865,44,112,0,44,1290.7775,
137,7.565,898.381,0.037468,200,175505,26.44,23201,1290.7775,445.9051,185.8685,443.5168,179.7801,681.0303,-25.0,8,4.84,6,1,0.26,0.26,1591,31.82,2.955,52,103,0,45,1290.7775,
138,7.816,906.197,0.037091,200,162684,25.59,20814,1290.7775,393.7448,184.5372,432.2098,99.529,681.1232,-25.0,8,4.36,2,1,0.23,0.23,1591,31.82,2.95,53,108,0,39,1290.7775,
139,7.501,913.698,0.036717,200,166597,26.66,22209,1290.7775,411.9896,184.5372,421.7145,179.7529,682.3964,-25.0,8,4.28,2,1,0.25,0.25,1590,31.8,3.11,59,101,0,40,1290.7775,
140,7.209,920.907,0.036347,200,172583,27.74,23940,1290.7775,453.9995,189.5372,450.409,179.7985,691.5988,-20.0,8,4.56,3,1,0.3,0.3,1578,31.56,2.675,41,110,0,49,1290.7775,
141,7.302,928.209,0.035981,200,161300,27.39,22091,1291.1187,402.6346,184.5372,412.1227,179.7438,682.409,-25.0,8,4.29,2,1,0.24,0.24,1590,31.8,3.02,61,101,0,38,1291.1187,fe389853cfd1c9292e8d70da6d7799d1aed1e319
142,7.054,935.263,0.035619,200,161500,28.35,22896,1291.1187,413.4153,185.8685,432.2412,179.7985,683.5366,-25.0,8,3.92,2,1,0.28,0.28,1575,31.5,2.74,36,119,0,45,1291.1187,
143,7.061,942.323,0.03526,200,165621,28.33,23457,1291.1187,418.9288,184.5372,439.0167,179.817,683.1852,-25.0,8,4.27,2,1,0.24,0.24,1590,31.8,2.895,46,113,0,41,1291.1187,
144,6.713,949.036,0.034904,200,156468,29.79,23310,1291.1187,378.8217,184.5372,425.8993,179.7438,297.8782,-25.0,8,3.98,2,1,0.22,0.22,1590,31.8,3.1,52,110,0,38,1291.1187,
145,6.365,955.401,0.034553,200,147232,31.42,23130,1291.1187,340.9565,184.5372,380.6457,179.771,291.2396,-25.0,8,3.79,2,1,0.2,0.2,1590,31.8,3.01,48,120,0,32,1291.1187,
146,6.723,962.125,0.034205,200,158070,29.75,23510,1291.1187,390.6072,184.5372,426.8786,99.9801,681.295,-25.0,8,4.05,2,1,0.26,0.26,1568,31.36,2.995,47,112,0,41,1291.1187,
147,6.257,968.381,0.03386,200,157597,31.97,25189,1292.4838,396.7841,184.5372,430.9335,179.7619,683.0055,-25.0,8,4.11,2,1,0.2,0.2,964,19.28,2.84,43,121,0,36,1292.4838,0cbbbe8dc4dab32b54d209edb67b8adcdaf47add
148,6.7,975.081,0.033519,200,162214,29.85,24210,1292.4838,382.4858,189.3403,404.4584,179.8544,582.0755,-25.0,8,4.35,3,1,0.24,0.24,1581,31.62,3.045,45,117,0,38,1292.4838,
149,6.268,981.349,0.033181,200,155982,31.91,24885,1292.4838,390.9079,184.5372,426.4072,179.7801,486.0816,-25.0,8,3.94,2,1,0.23,0.23,1582,31.64,2.99,49,112,0,39,1292.4838,
150,6.604,987.954,0.032847,200,149246,30.28,22599,1292.4838,365.2193,184.5372,424.4023,179.7529,283.8028,-25.0,8,3.73,2,1,0.22,0.22,1580,31.6,2.865,40,122,0,38,1292.4838,
151,6.151,994.105,0.032516,200,150047,32.51,24393,1292.4838,358.5682,184.7529,398.8328,179.817,283.9928,-25.0,8,3.8,2,1,0.2,0.2,1582,31.64,3.005,48,118,0,34,1292.4838,
152,6.26,1000.365,0.032189,200,156959,31.95,25074,1292.4838,381.7419,184.5372,422.7239,179.8263,283.5034,-20.0,8,3.92,2,1,0.24,0.24,1570,31.4,3.025,50,109,0,41,1292.4838,
153,6.192,1006.557,0.031864,200,151378,32.3,24446,1292.4838,373.5561,184.5372,436.007,179.7259,283.7822,-15.0,8,3.98,2,1,0.25,0.25,1581,31.62,2.58,35,123,0,42,1292.4838,
154,6.969,1013.526,0.031543,200,166880,28.7,23944,1293.5078,422.1555,184.5372,453.9538,179.8544,680.9042,-10.0,8,4.29,2,1,0.29,0.29,1570,31.4,2.585,36,115,0,49,1293.5078,13df910b18bbf4559b55e92bc3edcc0b8d8644c3
155,7.206,1020.732,0.031226,200,150528,27.75,20889,1293.5078,363.1516,184.5372,403.9633,179.8924,281.9703,-15.0,8,3.84,2,1,0.22,0.22,1570,31.4,2.88,41,122,0,37,1293.5078,
156,6.594,1027.326,0.030911,200,153964,30.33,23350,1293.5078,397.5024,184.5372,431.4702,179.8733,282.3242,-10.0,8,3.72,2,1,0.21,0.21,1570,31.4,2.89,43,118,0,39,1293.5078,
157,8.345,1035.671,0.0306,200,152409,23.97,18263,1293.5078,387.4788,184.5372,434.1556,179.771,286.5104,-20.0,8,3.68,2,1,0.22,0.22,1570,31.4,2.79,42,119,0,39,1293.5078,
158,7.872,1043.543,0.030291,200,148631,25.41,18881,1293.5078,370.4412,189.3403,412.3508,179.8638,280.8502,-25.0,8,3.69,2,1,0.18,0.18,1570,31.4,2.995,50,116,0,34,1293.5078,
159,6.187,1049.73,0.029986,200,133761,32.33,21619,1293.5078,299.6131,184.5372,345.923,179.7985,195.5432,-10.0,8,3.39,2,1,0.15,0.15,1570,31.4,3.11,60,115,0,25,1293.5078,
160,6.634,1056.365,0.029684,200,146999,30.15,22157,1293.5078,356.9652,184.5372,395.1913,179.8356,196.6489,-10.0,8,3.77,2,1,0.16,0.16,1570,31.4,2.975,50,120,0,30,1293.5078,
161,7.475,1063.839,0.029385,200,142264,26.76,19033,1293.5078,345.8321,184.5372,365.8629,179.845,286.2396,-10.0,8,3.54,2,1,0.17,0.17,1570,31.4,2.89,45,127,0,28,1293.5078,
162,6.515,1070.354,0.029089,200,154586,30.7,23729,1293.5078,392.9611,188.9936,410.4252,179.8544,292.8782,-25.0,8,3.97,2,1,0.2,0.2,1570,31.4,2.845,43,122,0,35,1293.5078,
163,5.652,1076.006,0.028796,200,135585,35.38,23988,1293.5078,316.2168,184.5372,367.9748,179.7985,284.542,-25.0,8,3.49,2,1,0.16,0.16,1570,31.4,3.035,55,118,0,27,1293.5078,
164,6.136,1082.142,0.028506,200,139148,32.59,22676,1293.5078,339.2712,184.5372,373.3577,179.8077,281.3993,-25.0,8,3.39,2,1,0.17,0.17,1570,31.4,3.015,51,120,0,29,1293.5078,
165,6.253,1088.395,0.028219,200,147182,31.99,23539,1293.5078,380.6067,189.1597,395.6232,179.8828,291.2396,-20.0,8,3.69,2,1,0.16,0.16,1570,31.4,3.005,41,129,0,30,1293.5078,
166,6.494,1094.889,0.027934,200,149867,30.8,23077,1293.5078,355.112,184.5372,395.1769,179.8356,200.2521,-15.0,8,3.84,2,1,0.23,0.23,1570,31.4,3.035,51,112,0,37,1293.5078,
167,6.787,1101.677,0.027653,200,159177,29.47,23452,1293.5078,417.1403,188.5663,440.263,181.1576,489.2456,-25.0,8,3.96,2,1,0.26,0.26,1569,31.38,2.7,32,123,0,45,1293.5078,
168,6.059,1107.736,0.027374,200,139386,33.01,23004,1293.5078,330.2113,184.5372,364.1714,179.8828,195.5432,-10.0,8,3.29,2,1,0.17,0.17,1570,31.4,3.065,44,127,0,29,1293.5078,
169,8.297,1116.033,0.027099,200,172010,24.11,20732,1293.5078,488.1388,194.5372,469.8732,180.4705,702.137,-20.0,8,4.04,2,1,0.28,0.28,1570,31.4,2.625,35,112,0,53,1293.5078,
170,7.508,1123.541,0.026826,200,159714,26.64,21273,1293.5078,421.4952,189.5372,439.6861,184.5372,381.5104,-15.0,8,4.04,2,1,0.27,0.27,1570,31.4,2.62,39,115,0,46,1293.5078,
171,6.467,1130.007,0.026555,200,148872,30.93,23022,1293.5078,359.5068,184.5372,381.7233,180.9809,283.8443,-15.0,8,3.69,2,1,0.21,0.21,1570,31.4,2.995,47,119,0,34,1293.5078,
172,6.884,1136.891,0.026288,200,144995,29.05,21064,1293.5078,356.2343,184.5372,404.5059,179.8638,200.2521,-20.0,8,3.58,2,1,0.22,0.22,1570,31.4,2.965,45,118,0,37,1293.5078,
173,6.137,1143.028,0.026023,200,144529,32.59,23549,1293.5078,367.0244,189.1597,419.5498,179.817,283.1522,-20.0,8,3.46,2,1,0.22,0.22,1570,31.4,2.65,37,125,0,38,1293.5078,
174,6.801,1149.829,0.025761,200,147487,29.41,21687,1293.5078,369.5411,189.5372,365.896,179.902,287.8782,-20.0,8,3.67,2,1,0.16,0.16,1570,31.4,3.01,43,130,0,27,1293.5078,
175,6.088,1155.917,0.025501,200,149376,32.85,24536,1293.5078,389.1503,185.8685,414.9425,179.8733,286.2396,-20.0,8,3.59,2,1,0.21,0.21,1570,31.4,3.05,45,118,0,37,1293.5078,
176,7.058,1162.975,0.025245,200,153626,28.34,21766,1293.5078,403.7457,185.8685,431.279,180.423,302.485,-20.0,8,3.8,2,1,0.23,0.23,1570,31.4,2.86,42,117,0,41,1293.5078,
177,6.286,1169.261,0.02499,200,145063,31.82,23078,1293.5078,345.9617,184.7529,369.5831,179.8733,281.7935,-20.0,8,3.53,2,1,0.18,0.18,1570,31.4,3.18,55,115,0,30,1293.5078,
178,6.635,1175.896,0.024738,200,153099,30.14,23076,1293.5078,412.1592,189.3403,431.1833,179.8544,293.3149,-10.0,8,3.82,2,1,0.2,0.2,1570,31.4,2.855,47,115,0,38,1293.5078,
179,6.841,1182.737,0.024489,200,160492,29.24,23460,1293.5078,435.3729,189.5372,446.8048,180.9809,683.6892,-10.0,8,4.0,2,1,0.28,0.28,1570,31.4,2.55,31,122,0,47,1293.5078,
180,6.092,1188.829,0.024243,200,144912,32.83,23786,1293.5078,357.1681,189.5372,375.8942,180.9809,291.2396,-15.0,8,3.75,2,1,0.21,0.21,1570,31.4,2.92,45,122,0,33,1293.5078,
181,7.327,1196.156,0.023998,200,163395,27.3,22300,1293.5078,445.9457,190.5432,436.6385,184.5372,681.6845,-15.0,8,4.13,2,1,0.24,0.24,1570,31.4,2.745,38,119,0,43,1293.5078,
182,6.191,1202.347,0.023757,200,145862,32.31,23562,1293.5078,368.8461,189.3403,418.9096,179.8828,281.6489,-15.0,8,3.59,2,1,0.18,0.18,1570,31.4,2.605,34,132,0,34,1293.5078,
183,5.574,1207.92,0.023517,200,136094,35.88,24418,1293.5078,320.2296,184.5372,374.6717,179.8077,199.7529,-15.0,8,3.32,2,1,0.16,0.16,1570,31.4,2.995,57,115,0,28,1293.5078,
184,6.222,1214.143,0.02328,200,150080,32.14,24119,1293.5078,379.5883,189.1597,403.2914,179.9116,291.2396,-15.0,8,3.81,2,1,0.21,0.21,1570,31.4,2.9,51,113,0,36,1293.5078,
185,6.249,1220.392,0.023046,200,158110,32.0,25300,1293.5078,421.9136,189.1597,458.3604,179.8356,381.2735,-25.0,8,4.01,2,1,0.26,0.26,1570,31.4,2.83,46,107,0,47,1293.5078,
186,6.439,1226.831,0.022814,200,153882,31.06,23900,1293.5078,392.4702,189.3403,408.5083,184.5372,285.9904,-15.0,8,4.11,3,1,0.23,0.23,1570,31.4,2.935,44,117,0,39,1293.5078,
187,7.953,1234.784,0.022584,200,179932,25.15,22625,1293.5078,497.0166,189.5372,483.3537,184.5372,1219.7826,-10.0,8,4.69,3,1,0.34,0.34,1570,31.4,2.505,29,111,0,60,1293.5078,
188,6.654,1241.438,0.022356,200,147582,30.06,22180,1293.5078,364.1844,184.5372,406.3421,180.2854,200.5432,-10.0,8,3.81,2,1,0.15,0.15,1570,31.4,2.815,43,127,0,30,1293.5078,
189,7.059,1248.497,0.022131,200,155306,28.33,22001,1293.5078,410.086,184.7529,430.2485,184.1597,302.8782,-25.0,8,3.83,2,1,0.23,0.23,1570,31.4,2.86,41,118,0,41,1293.5078,
190,6.579,1255.076,0.021908,200,143091,30.4,21750,1293.5078,340.2881,189.5372,354.8808,180.9666,281.6489,-10.0,8,3.5,2,1,0.16,0.16,1570,31.4,2.9,39,134,0,27,1293.5078,
191,6.859,1261.934,0.021687,200,159217,29.16,23214,1294.0199,456.8423,189.5372,460.4536,184.5372,682.9401,-15.0,8,3.73,2,1,0.24,0.24,1566,31.32,2.58,33,121,0,46,1294.0199,c2351f3d3be58fe12dc685cea7aea3d3a6e9ee37
192,6.498,1268.433,0.021469,200,150443,30.78,23151,1294.0199,375.1047,188.858,393.0376,179.845,285.9904,-15.0,8,3.69,2,1,0.22,0.22,1566,31.32,2.885,50,114,0,36,1294.0199,
193,5.929,1274.362,0.021253,200,135956,33.73,22931,1294.1906,336.1188,189.3403,373.5211,179.8544,284.3284,-25.0,8,3.34,2,1,0.13,0.13,1566,31.32,2.885,44,131,0,25,1294.1906,9cf40933880c54b35f456a8e58430e9f5be1a11a
194,6.504,1280.866,0.021039,200,149495,30.75,22985,1294.1906,364.1557,189.5372,373.6427,180.3533,281.6021,-10.0,8,3.63,2,1,0.19,0.19,1566,31.32,2.88,50,119,0,31,1294.1906,
195,5.959,1286.824,0.020827,200,141471,33.57,23743,1294.1906,334.8398,184.7529,370.8531,179.8263,283.2418,-15.0,8,3.74,2,1,0.19,0.19,1566,31.32,2.92,45,124,0,31,1294.1906,
196,6.881,1293.705,0.020617,200,161873,29.07,23525,1295.898,447.3848,189.5372,453.4598,179.8544,686.5988,-15.0,8,3.92,2,1,0.25,0.25,1560,31.2,2.73,40,114,0,46,1295.898,c8651ed2306cfb52ef3f524848a822cbb25d06c5
197,6.679,1300.384,0.020409,200,149873,29.95,22440,1295.898,406.3884,189.5372,415.4454,179.9116,485.8131,-25.0,8,3.73,2,1,0.19,0.19,1560,31.2,2.905,46,119,0,35,1295.898,
198,6.416,1306.8,0.020204,200,150505,31.17,23457,1295.898,371.2986,189.99,395.1594,184.5372,283.3149,-20.0,8,3.86,2,1,0.19,0.19,1560,31.2,2.69,40,127,0,33,1295.898,
199,7.637,1314.437,0.02,200,155320,26.19,20337,1295.898,394.8577,189.1597,423.3966,179.8733,297.8782,-15.0,8,4.03,3,1,0.24,0.24,1560,31.2,2.73,41,118,0,41,1295.898,
